symbol,side,entry_time,entry_price,sl,tp,reason,exit_time,exit_price,exit_reason,gross_pnl,costs,net_pnl,hold_minutes,month
BANKNIFTY,LONG,2026-04-02 14:31:00,51291.9,51183.424840825915,51617.32547752226,PULLBACK_EMA9,2026-04-02 14:37:00,51183.424840825915,STOP_LOSS,-3254.25477522258,607.7514,-3862.00617522258,6.0,2026-04
BANKNIFTY,SHORT,2026-05-08 14:19:00,55129.85,55251.210142387754,54765.76957283673,PULLBACK_EMA9,2026-05-08 14:30:00,55251.210142387754,STOP_LOSS,-3640.80427163266,630.7791,-4271.58337163266,11.0,2026-05
BANKNIFTY,SHORT,2026-05-13 09:46:00,53317.45,53426.06845750392,52991.59462748823,PULLBACK_EMA9,2026-05-13 09:54:00,53426.06845750392,STOP_LOSS,-3258.553725117672,619.9047,-3878.458425117672,8.0,2026-05
BANKNIFTY,SHORT,2026-06-01 09:51:00,54194.45,54307.19407606654,53856.21777180037,PULLBACK_EMA9,2026-06-01 10:33:00,53856.21777180037,TAKE_PROFIT,10146.966845988718,625.1667,9521.800145988718,42.0,2026-06
BANKNIFTY,SHORT,2026-07-08 14:36:00,56715.1,56840.59483998521,56338.615480044355,PULLBACK_EMA9,2026-07-08 15:01:00,56657.7,SESSION_END,1722.0000000000437,640.2906,1081.7094000000436,25.0,2026-07
SILVER,LONG,2026-07-09 12:14:00,2292.0,2287.239747999486,2306.2807560015417,PULLBACK_EMA9,2026-07-09 12:45:00,2287.239747999486,STOP_LOSS,-142.80756001541704,207.504,-350.31156001541706,31.0,2026-07
SILVER,SHORT,2026-07-23 13:13:00,2273.0,2277.6769485794352,2258.9691542616943,PULLBACK_EMA9,2026-07-23 13:21:00,2277.6769485794352,STOP_LOSS,-140.30845738305743,207.276,-347.58445738305744,8.0,2026-07
SILVER,LONG,2026-08-07 12:04:00,2332.0,2326.9334175039185,2347.1997474882446,PULLBACK_EMA9,2026-08-07 13:38:00,2347.1997474882446,TAKE_PROFIT,455.99242464733834,207.984,248.00842464733833,94.0,2026-08
SILVER,LONG,2026-08-28 13:01:00,2467.0,2461.6352962537107,2483.0941112388678,PULLBACK_EMA9,2026-08-28 13:47:00,2461.6352962537107,STOP_LOSS,-160.94111238867754,209.604,-370.5451123886776,46.0,2026-08
SILVER,SHORT,2026-09-01 13:51:00,2366.0,2370.8769150356693,2351.369254892992,PULLBACK_EMA9,2026-09-01 14:00:00,2351.369254892992,TAKE_PROFIT,438.9223532102369,208.392,230.5303532102369,9.0,2026-09
SILVER,SHORT,2026-09-01 14:29:00,2345.0,2350.4856906813543,2328.542927955937,PULLBACK_EMA9,2026-09-01 15:01:00,2344.0,SESSION_END,30.0,208.14,-178.14,32.0,2026-09
CRUDEOIL,LONG,2026-09-15 14:54:00,9534.0,9513.55238096611,9595.34285710167,PULLBACK_EMA9,2026-09-15 14:57:00,9513.55238096611,STOP_LOSS,-2044.7619033890078,781.36,-2826.121903389008,3.0,2026-09
SILVER,SHORT,2026-09-22 14:03:00,2326.0,2330.8980710924307,2311.305786722708,PULLBACK_EMA9,2026-09-22 14:07:00,2330.8980710924307,STOP_LOSS,-146.94213277291965,207.912,-354.8541327729197,4.0,2026-09
