entry_time,dir,entry_price,sl,tp,exit_price,exit_time,pnl,result,risk,r_multiple
2025-10-27 19:45:00,-1,157930.0,159613.0,151871.2,154000.0,2025-10-28 13:31:00,3930.0,win,1683.0,2.335115864527629
2025-10-29 21:15:00,-1,158100.0,159613.0,152653.2,156307.0,2025-10-30 12:27:00,1793.0,win,1513.0,1.185062789160608
2025-11-14 20:50:00,1,169171.0,161110.0,198190.6,169928.0,2025-11-14 23:31:00,757.0,win,8061.0,0.09390894429971468
2025-11-24 20:35:00,1,168556.0,161110.0,195361.6,168843.0,2025-11-24 23:31:00,287.0,win,7446.0,0.03854418479720655
2025-12-05 20:30:00,1,197050.0,192240.0,214366.0,196755.0,2025-12-05 23:31:00,-295.0,loss,4810.0,-0.061330561330561334
2026-01-08 19:40:00,1,270177.0,192240.0,550750.2,278027.0,2026-01-08 23:31:00,7850.0,win,77937.0,0.10072237833121624
2026-01-15 19:20:00,1,314153.0,192240.0,753039.8,324360.0,2026-01-15 23:31:00,10207.0,win,121913.0,0.08372363898845898
2026-01-22 17:55:00,1,367900.0,192240.0,1000276.0,391835.0,2026-01-22 23:31:00,23935.0,win,175660.0,0.1362575429807583
2026-02-02 17:55:00,1,299000.0,192240.0,683336.0,279500.0,2026-02-02 23:31:00,-19500.0,loss,106760.0,-0.1826526789059573
2026-02-16 17:45:00,-1,274201.0,295955.0,195886.59999999998,272909.0,2026-02-16 23:31:00,1292.0,win,21754.0,0.05939137629861175
2026-02-20 20:30:00,-1,286445.0,295955.0,252209.0,286134.0,2026-02-20 23:31:00,311.0,win,9510.0,0.03270241850683491
2026-02-24 18:30:00,1,297602.0,295955.0,303531.2,295955.0,2026-02-24 19:27:00,-1647.0,loss,1647.0,-1.0
2026-02-25 22:15:00,1,305045.0,295758.0,338478.2,306512.0,2026-02-25 23:31:00,1467.0,win,9287.0,0.15796274362011414
2026-02-27 18:40:00,1,304139.0,293989.0,340679.0,310202.0,2026-02-27 23:31:00,6063.0,win,10150.0,0.5973399014778326
2026-03-03 17:25:00,1,294544.0,293989.0,296542.0,296542.0,2026-03-03 17:29:00,1998.0,win,555.0,3.6
2026-03-03 19:35:00,1,301653.0,293989.0,329243.4,298300.0,2026-03-03 23:31:00,-3353.0,loss,7664.0,-0.4375
2026-03-25 18:10:00,-1,260472.0,293989.0,139810.8,249861.0,2026-03-27 09:02:00,10611.0,win,33517.0,0.3165856132708775
2026-03-27 22:55:00,-1,253486.0,293989.0,107675.19999999998,252810.0,2026-03-30 09:01:00,676.0,win,40503.0,0.016690121719378812
2026-03-30 20:45:00,-1,256500.0,293989.0,121539.6,263000.0,2026-04-01 09:01:00,-6500.0,loss,37489.0,-0.1733841926965243
2026-04-01 17:45:00,-1,266000.0,293989.0,165239.59999999998,257974.0,2026-04-02 09:03:00,8026.0,win,27989.0,0.28675551109364394
2026-04-06 18:50:00,-1,258738.0,293989.0,131834.4,257260.0,2026-04-07 09:04:00,1478.0,win,35251.0,0.041927888570537
2026-04-09 19:20:00,-1,262186.0,293989.0,147695.2,265102.0,2026-04-10 09:00:00,-2916.0,loss,31803.0,-0.0916894632581832
2026-04-22 17:35:00,1,271287.0,268800.0,280240.2,265418.0,2026-04-23 09:00:00,-5869.0,loss,2487.0,-2.359871330920788
2026-04-30 21:30:00,-1,261086.0,262117.0,257374.4,262117.0,2026-05-01 17:33:00,-1031.0,loss,1031.0,-1.0
2026-05-15 17:15:00,1,297001.0,262117.0,422583.4,291584.0,2026-05-18 09:00:00,-5417.0,loss,34884.0,-0.15528609104460497
2026-05-18 17:05:00,1,290200.0,262117.0,391298.8,292397.0,2026-05-19 09:00:00,2197.0,win,28083.0,0.07823238258020866
2026-05-26 18:55:00,1,290833.0,262117.0,394210.6,292100.0,2026-05-27 09:04:00,1267.0,win,28716.0,0.04412174397548405
2026-06-09 19:20:00,-1,268079.0,269178.0,264122.6,264122.6,2026-06-09 19:48:00,3956.4000000000233,win,1099.0,3.6000000000000214
2026-06-12 17:00:00,-1,261725.0,269178.0,234894.2,271733.0,2026-06-15 09:00:00,-10008.0,loss,7453.0,-1.342814973836039
2026-06-15 19:40:00,-1,272332.0,272450.0,271907.2,271907.2,2026-06-15 19:43:00,424.79999999998836,win,118.0,3.5999999999999015
2026-06-15 20:00:00,-1,272168.0,272450.0,271152.8,271152.8,2026-06-15 20:40:00,1015.2000000000116,win,282.0,3.6000000000000414
2026-06-22 17:40:00,-1,256700.0,272450.0,200000.0,247270.0,2026-06-23 09:00:00,9430.0,win,15750.0,0.5987301587301588
2026-06-26 19:50:00,-1,236578.0,272450.0,107438.8,234754.0,2026-06-29 09:00:00,1824.0,win,35872.0,0.05084745762711865
2026-06-30 17:05:00,-1,236745.0,272450.0,108207.0,233812.0,2026-07-01 09:00:00,2933.0,win,35705.0,0.08214535779302619
2026-07-01 19:20:00,-1,240241.0,272450.0,124288.59999999999,240288.0,2026-07-02 09:00:00,-47.0,loss,32209.0,-0.0014592194728181565
2026-07-02 18:10:00,-1,243646.0,272450.0,139951.59999999998,245816.0,2026-07-03 09:00:00,-2170.0,loss,28804.0,-0.0753367587835023
2026-07-03 17:20:00,-1,246296.0,272450.0,152141.59999999998,245481.0,2026-07-06 09:00:00,815.0,win,26154.0,0.03116158140246234
