entry_time,dir,entry_price,sl,tp,exit_price,exit_time,pnl,result
2025-12-01 21:55:00,1,193173.0,189948.0,204783.0,204783.0,2025-12-10 09:00:00,11610.0,win
2025-12-10 21:35:00,1,203914.0,202668.0,208399.6,208399.6,2025-12-11 15:35:00,4485.600000000006,win
2025-12-19 20:05:00,1,227801.0,225998.0,234291.8,234291.8,2025-12-22 09:00:00,6490.799999999988,win
2025-12-24 22:05:00,1,246677.0,245897.0,249485.0,245897.0,2025-12-24 22:10:00,-780.0,loss
2026-01-02 18:35:00,1,277085.0,276929.0,277646.6,276929.0,2026-01-02 18:50:00,-156.0,loss
2026-01-12 20:05:00,1,302000.0,299702.0,310272.8,299702.0,2026-01-13 12:10:00,-2298.0,loss
2026-01-13 21:00:00,1,311532.0,309999.0,317050.8,309999.0,2026-01-13 23:30:00,-1533.0,loss
2026-01-15 17:05:00,1,325589.0,318551.0,350925.8,318551.0,2026-01-15 18:40:00,-7038.0,loss
2026-01-21 19:05:00,1,391617.0,390277.0,396441.0,390277.0,2026-01-21 20:25:00,-1340.0,loss
2026-01-21 21:00:00,1,387843.0,377256.0,425956.2,377256.0,2026-01-22 09:50:00,-10587.0,loss
2026-01-28 20:30:00,1,455965.0,449862.0,477935.8,477935.8,2026-01-29 09:00:00,21970.79999999999,win
2026-01-29 22:40:00,1,486402.0,478253.0,515738.4,478253.0,2026-01-30 09:00:00,-8149.0,loss
2026-02-02 21:00:00,-1,279361.0,292002.0,233853.4,292002.0,2026-02-03 09:35:00,-12641.0,loss
2026-02-04 20:05:00,-1,330000.0,332502.0,320992.8,320992.8,2026-02-04 21:00:00,9007.200000000012,win
2026-03-31 20:15:00,-1,262105.0,263502.0,257075.8,263502.0,2026-03-31 22:20:00,-1397.0,loss
2026-04-14 21:05:00,1,271174.0,269998.0,275407.6,269998.0,2026-04-15 15:15:00,-1176.0,loss
2026-04-28 18:35:00,-1,259322.0,261652.0,250934.0,261652.0,2026-04-29 09:00:00,-2330.0,loss
2026-05-04 19:10:00,1,263289.0,262398.0,266496.6,262398.0,2026-05-04 19:15:00,-891.0,loss
2026-05-04 19:50:00,1,264600.0,262220.0,273168.0,262220.0,2026-05-04 20:50:00,-2380.0,loss
2026-05-08 18:05:00,1,279100.0,277717.0,284078.8,277717.0,2026-05-08 20:40:00,-1383.0,loss
2026-05-12 18:10:00,1,291553.0,289670.0,298331.8,289670.0,2026-05-12 20:50:00,-1883.0,loss
2026-05-12 22:25:00,1,292650.0,291712.0,296026.8,296026.8,2026-05-13 09:00:00,3376.7999999999884,win
2026-05-13 18:40:00,1,313424.0,312950.0,315130.4,312950.0,2026-05-13 19:15:00,-474.0,loss
2026-05-13 22:35:00,1,320000.0,319563.0,321573.2,319563.0,2026-05-13 22:55:00,-437.0,loss
2026-05-15 18:50:00,1,297000.0,296498.0,298807.2,296498.0,2026-05-15 19:00:00,-502.0,loss
2026-05-15 20:25:00,1,295100.0,293498.0,300867.2,293498.0,2026-05-15 21:35:00,-1602.0,loss
2026-05-19 20:45:00,1,289000.0,287498.0,294407.2,287498.0,2026-05-20 09:00:00,-1502.0,loss
2026-05-20 18:00:00,1,291500.0,290581.0,294808.4,290581.0,2026-05-20 18:35:00,-919.0,loss
2026-05-21 19:55:00,1,290836.0,288562.0,299022.4,288562.0,2026-05-27 11:50:00,-2274.0,loss
2026-05-27 20:20:00,-1,287210.0,288352.0,283098.8,283098.8,2026-05-28 17:20:00,4111.200000000012,win
2026-05-29 19:45:00,-1,287732.0,289422.0,281648.0,289422.0,2026-05-29 20:35:00,-1690.0,loss
2026-06-03 17:55:00,-1,286840.0,287673.0,283841.2,287673.0,2026-06-04 17:20:00,-833.0,loss
2026-06-04 19:00:00,-1,287924.0,288752.0,284943.2,284943.2,2026-06-05 09:00:00,2980.7999999999884,win
2026-06-05 18:00:00,-1,281603.0,282660.0,277797.8,277797.8,2026-06-05 18:30:00,3805.2000000000116,win
2026-06-08 19:20:00,-1,267150.0,269091.0,260162.4,269091.0,2026-06-09 18:35:00,-1941.0,loss
2026-06-10 22:15:00,-1,255148.0,255995.0,252098.8,252098.8,2026-06-11 09:00:00,3049.2000000000116,win
2026-06-11 20:30:00,-1,252521.0,252937.0,251023.4,252937.0,2026-06-11 20:35:00,-416.0,loss
2026-06-11 21:55:00,-1,252393.0,253479.0,248483.4,253479.0,2026-06-11 22:55:00,-1086.0,loss
2026-06-12 17:55:00,-1,260895.0,262654.0,254562.6,262654.0,2026-06-12 20:50:00,-1759.0,loss
2026-06-16 21:15:00,-1,268000.0,268602.0,265832.8,268602.0,2026-06-16 21:25:00,-602.0,loss
2026-06-16 22:05:00,-1,268800.0,269236.0,267230.4,269236.0,2026-06-16 23:25:00,-436.0,loss
2026-06-17 22:05:00,-1,269099.0,269352.0,268188.2,269352.0,2026-06-17 23:00:00,-253.0,loss
2026-06-18 19:15:00,-1,259305.0,260752.0,254095.8,254095.8,2026-06-19 09:00:00,5209.200000000012,win
2026-06-19 17:45:00,-1,251391.0,252332.0,248003.4,252332.0,2026-06-19 18:20:00,-941.0,loss
2026-06-22 19:30:00,-1,256180.0,257030.0,253120.0,253120.0,2026-06-23 09:00:00,3060.0,win
2026-06-23 19:55:00,-1,245450.0,246259.0,242537.6,242537.6,2026-06-24 09:00:00,2912.399999999994,win
2026-06-24 19:35:00,-1,234103.0,235937.0,227500.6,227500.6,2026-06-24 23:20:00,6602.399999999994,win
2026-06-25 21:55:00,-1,234875.0,235402.0,232977.8,232977.8,2026-06-25 23:00:00,1897.2000000000116,win
2026-06-26 19:05:00,-1,234093.0,234923.0,231105.0,234923.0,2026-06-26 19:20:00,-830.0,loss
2026-06-26 21:50:00,-1,235319.0,236402.0,231420.2,231420.2,2026-06-29 11:05:00,3898.7999999999884,win
2026-06-29 19:35:00,-1,231673.0,233302.0,225808.6,233302.0,2026-06-30 11:55:00,-1629.0,loss
2026-06-30 17:20:00,-1,236229.0,236747.0,234364.2,236747.0,2026-06-30 18:40:00,-518.0,loss
2026-06-30 22:00:00,-1,237859.0,238202.0,236624.2,236624.2,2026-07-01 09:00:00,1234.7999999999884,win
2026-07-01 18:30:00,-1,236627.0,237723.0,232681.4,237723.0,2026-07-01 19:05:00,-1096.0,loss
2026-07-01 20:35:00,-1,239500.0,241612.0,231896.8,241612.0,2026-07-02 18:00:00,-2112.0,loss
2026-07-02 18:55:00,-1,242812.0,243979.0,238610.8,243979.0,2026-07-02 19:10:00,-1167.0,loss
2026-07-03 20:05:00,-1,245713.0,246076.0,244406.2,246076.0,2026-07-03 20:15:00,-363.0,loss
2026-07-06 21:20:00,-1,244680.0,245128.0,243067.2,245128.0,2026-07-06 22:35:00,-448.0,loss
2026-07-07 20:05:00,-1,240384.0,242248.0,233673.6,233673.6,2026-07-08 14:10:00,6710.399999999994,win
2026-07-08 18:55:00,-1,233100.0,234602.0,227692.8,234602.0,2026-07-09 11:30:00,-1502.0,loss
2026-07-09 18:15:00,-1,235738.0,236891.0,231587.2,236891.0,2026-07-09 19:35:00,-1153.0,loss
2026-07-09 20:05:00,-1,236102.0,236910.0,233193.2,236910.0,2026-07-09 20:35:00,-808.0,loss
2026-07-10 22:15:00,-1,233477.0,233984.0,231651.8,231651.8,2026-07-13 09:00:00,1825.2000000000116,win
2026-07-13 19:10:00,-1,229819.0,230616.0,226949.8,230616.0,2026-07-14 10:35:00,-797.0,loss
2026-07-14 21:05:00,-1,233823.0,234772.0,230406.6,230406.6,2026-07-15 13:05:00,3416.399999999994,win
2026-07-16 17:45:00,-1,228457.0,228888.0,226905.4,226905.4,2026-07-16 18:25:00,1551.6000000000058,win
2026-07-16 21:30:00,-1,226724.0,227243.0,224855.6,224855.6,2026-07-17 10:00:00,1868.3999999999942,win
2026-07-17 22:45:00,-1,225129.0,225402.0,224146.2,225402.0,2026-07-20 09:00:00,-273.0,loss
2026-07-20 19:30:00,-1,226710.0,227402.0,224218.8,227402.0,2026-07-21 09:00:00,-692.0,loss
2026-07-21 18:10:00,-1,230585.0,230739.0,230030.6,230739.0,2026-07-21 18:15:00,-154.0,loss
2026-07-21 20:05:00,-1,230551.0,231181.0,228283.0,231181.0,2026-07-21 20:45:00,-630.0,loss
2026-07-22 18:55:00,1,232688.0,231959.0,235312.4,235312.4,2026-07-22 19:30:00,2624.399999999994,win
2026-07-23 22:40:00,-1,226846.0,227167.0,225690.4,225690.4,2026-07-24 09:00:00,1155.6000000000058,win
2026-07-24 18:10:00,-1,228843.0,229335.0,227071.8,227071.8,2026-07-24 18:45:00,1771.2000000000116,win
2026-07-24 20:10:00,-1,228451.0,228756.0,227353.0,228756.0,2026-07-24 20:30:00,-305.0,loss
2026-07-28 17:15:00,-1,223611.0,224344.0,220972.2,224344.0,2026-07-29 09:00:00,-733.0,loss
2026-07-29 17:45:00,-1,223134.0,224444.0,218418.0,224444.0,2026-07-29 22:25:00,-1310.0,loss
2026-07-30 20:40:00,-1,225614.0,226652.0,221877.2,226652.0,2026-07-30 21:30:00,-1038.0,loss
2026-07-30 22:05:00,-1,226541.0,227102.0,224521.4,224521.4,2026-07-31 16:25:00,2019.6000000000058,win
2026-07-31 21:00:00,-1,223634.0,224302.0,221229.2,224302.0,2026-07-31 22:55:00,-668.0,loss
2026-08-03 17:55:00,-1,224606.0,225529.0,221283.2,225529.0,2026-08-04 09:00:00,-923.0,loss
2026-08-05 18:35:00,1,233602.0,233346.0,234523.6,233346.0,2026-08-05 18:40:00,-256.0,loss
2026-08-05 21:55:00,1,234146.0,233998.0,234678.8,233998.0,2026-08-05 22:00:00,-148.0,loss
2026-08-06 19:10:00,1,233300.0,233124.0,233933.6,233124.0,2026-08-06 19:15:00,-176.0,loss
2026-08-06 22:00:00,1,232125.0,231625.0,233925.0,233925.0,2026-08-07 09:00:00,1800.0,win
2026-08-07 18:05:00,1,241558.0,239174.0,250140.4,239174.0,2026-08-07 19:35:00,-2384.0,loss
2026-08-07 22:55:00,1,238584.0,238122.0,240247.2,240247.2,2026-08-10 09:05:00,1663.2000000000116,win
2026-08-10 19:05:00,1,241612.0,240295.0,246353.2,240295.0,2026-08-10 19:25:00,-1317.0,loss
2026-08-10 21:25:00,1,243575.0,242009.0,249212.6,242009.0,2026-08-13 13:30:00,-1566.0,loss
2026-08-13 20:15:00,1,243242.0,242788.0,244876.4,242788.0,2026-08-13 20:35:00,-454.0,loss
2026-08-13 21:55:00,1,242419.0,241998.0,243934.6,241998.0,2026-08-14 09:00:00,-421.0,loss
2026-08-17 19:20:00,1,244521.0,243499.0,248200.2,243499.0,2026-08-18 09:00:00,-1022.0,loss
2026-08-19 17:10:00,-1,238535.0,238735.0,237815.0,238735.0,2026-08-19 17:20:00,-200.0,loss
2026-08-21 19:15:00,1,255773.0,253698.0,263243.0,253698.0,2026-08-21 20:05:00,-2075.0,loss
2026-08-24 20:00:00,1,256038.0,255225.0,258964.8,255225.0,2026-08-24 20:20:00,-813.0,loss
2026-08-25 18:15:00,1,251527.0,250881.0,253852.6,250881.0,2026-08-25 18:30:00,-646.0,loss
2026-08-25 19:30:00,1,250788.0,250656.0,251263.2,250656.0,2026-08-25 19:40:00,-132.0,loss
2026-08-27 17:50:00,1,248424.0,248006.0,249928.8,248006.0,2026-08-27 18:05:00,-418.0,loss
2026-08-27 20:05:00,1,248620.0,246798.0,255179.2,246798.0,2026-08-28 21:40:00,-1822.0,loss
2026-08-31 17:05:00,-1,243513.0,244194.0,241061.4,244194.0,2026-08-31 17:25:00,-681.0,loss
2026-08-31 21:10:00,-1,241906.0,242497.0,239778.4,242497.0,2026-09-01 09:00:00,-591.0,loss
2026-09-01 17:25:00,-1,238366.0,238976.0,236170.0,238976.0,2026-09-01 21:20:00,-610.0,loss
2026-09-01 21:45:00,-1,238367.0,238799.0,236811.8,236811.8,2026-09-02 09:00:00,1555.2000000000116,win
2026-09-02 20:20:00,-1,238155.0,239492.0,233341.8,239492.0,2026-09-03 09:00:00,-1337.0,loss
2026-09-04 18:30:00,-1,237420.0,243331.0,216140.4,243331.0,2026-09-09 18:45:00,-5911.0,loss
2026-09-09 21:55:00,1,244187.0,243537.0,246527.0,243537.0,2026-09-10 14:10:00,-650.0,loss
2026-09-10 21:40:00,-1,235803.0,237780.0,228685.8,237780.0,2026-09-11 18:10:00,-1977.0,loss
2026-09-11 19:45:00,-1,238007.0,238795.0,235170.2,235170.2,2026-09-14 17:00:00,2836.7999999999884,win
2026-09-15 17:40:00,-1,233138.0,233770.0,230862.8,233770.0,2026-09-15 18:00:00,-632.0,loss
2026-09-15 19:55:00,-1,233929.0,234127.0,233216.2,233216.2,2026-09-15 20:20:00,712.7999999999884,win
2026-09-16 17:30:00,-1,237099.0,237627.0,235198.2,235198.2,2026-09-16 19:35:00,1900.7999999999884,win
2026-09-16 20:55:00,-1,236455.0,237286.0,233463.4,233463.4,2026-09-17 09:00:00,2991.600000000006,win
2026-09-17 22:35:00,1,239901.0,239411.0,241665.0,241665.0,2026-09-18 10:35:00,1764.0,win
