script_tf,from,to,windows,variant,label,family,trades,trades_per_month,win_pct,profit_factor,net_pts,gross_pts,cost_pts,avg_win,avg_loss,bps_per_trade,daily_sharpe,worst_window_dd,positive_windows,user_trades_caught,net_by_window_oldest_first
Crude 5m,2024-03-23,2026-09-11,11,V01,"v3.0 final (SHA+RSI3 pb, 30/70, RR2.4)",A SHA+RSI3 pullback,1965,66.3,30.1,0.945,-2587,2515,5102,74.9,-34.2,-2.03,-0.55,1552,2/11,11,-740 -299 -1420 -891 -757 -835 -556 -640 2746 1524 -720
Crude 5m,2024-03-23,2026-09-11,11,V02,v3.0 + EOD flat,A SHA+RSI3 pullback,2247,75.8,33.0,0.891,-4524,1286,5810,50.0,-27.6,-3.11,-1.267,1633,2/11,11,-512 -386 -1094 -537 -916 -862 -265 -934 1553 570 -1140
Crude 5m,2024-03-23,2026-09-11,11,V03,v3.0 RR1.5,A SHA+RSI3 pullback,2362,79.6,40.8,0.929,-3372,2739,6111,45.8,-34.0,-2.21,-0.782,1721,1/11,12,-621 -332 -1073 -779 -1058 -529 -30 -724 2015 -135 -105
Crude 5m,2024-03-23,2026-09-11,11,V04,v3.0 RR2.0,A SHA+RSI3 pullback,2091,70.5,33.7,0.898,-4923,516,5439,61.5,-34.8,-3.62,-1.144,1656,2/11,10,-586 -522 -1381 -840 -976 -700 -431 -801 1205 620 -512
Crude 5m,2024-03-23,2026-09-11,11,V05,v3.0 RR3.0,A SHA+RSI3 pullback,1811,61.1,24.8,0.897,-4832,-120,4712,94.2,-34.6,-4.1,-0.982,1827,2/11,8,-728 -243 -1584 -808 -679 -558 -271 -1061 1823 624 -1347
Crude 5m,2024-03-23,2026-09-11,11,V06,v3.0 + EMA200,A SHA+RSI3 pullback,1588,53.5,29.9,0.935,-2544,1594,4138,77.1,-35.2,-2.46,-0.579,1312,2/11,7,-1141 -127 -1009 -600 -578 -481 -260 -716 687 2478 -798
Crude 5m,2024-03-23,2026-09-11,11,V07,v3.0 trig RSI>50,A SHA+RSI3 pullback,2185,73.7,29.6,0.889,-5953,-269,5684,73.5,-34.7,-4.19,-1.235,1665,2/11,11,-1105 -374 -1634 -1023 -492 -1026 -1063 -460 2062 376 -1214
Crude 5m,2024-03-23,2026-09-11,11,V08,v3.0 trig high-break,A SHA+RSI3 pullback,2087,70.4,29.9,0.91,-4697,748,5445,75.8,-35.5,-3.45,-0.934,1723,2/11,10,-665 -630 -1683 -824 -513 -585 -716 -683 1503 1268 -1169
Crude 5m,2024-03-23,2026-09-11,11,V09,v3.0 RSI 20/80,A SHA+RSI3 pullback,1196,40.3,29.6,0.907,-2680,427,3107,73.9,-34.2,-3.45,-0.715,1257,2/11,5,-448 -106 -979 -764 -254 -765 -197 -771 186 1943 -526
Crude 5m,2024-03-23,2026-09-11,11,V10,v3.0 RSI 40/60,A SHA+RSI3 pullback,2267,76.4,29.8,0.932,-3813,2088,5901,77.9,-35.4,-2.58,-0.706,2381,3/11,10,-596 -143 -2250 -891 -1036 -1003 -791 -695 1777 1707 108
Crude 5m,2024-03-23,2026-09-11,11,V11,v3.0 minSL 1.2,A SHA+RSI3 pullback,2174,73.3,30.6,0.91,-4022,1620,5641,61.3,-29.7,-2.85,-0.904,1195,3/11,12,-895 248 -933 -803 -746 -771 -277 -669 -5 749 80
Crude 5m,2024-03-23,2026-09-11,11,V12,v3.0 max 2/day,A SHA+RSI3 pullback,1227,41.4,29.6,0.906,-2282,896,3178,60.4,-28.0,-2.87,-0.655,1733,3/11,5,-449 119 92 -472 -475 -297 -338 -537 1380 -528 -778
Crude 5m,2024-03-23,2026-09-11,11,V13,v3.0 no SHA-age,A SHA+RSI3 pullback,1999,67.4,30.3,0.966,-1628,3551,5179,76.1,-34.2,-1.26,-0.336,1511,2/11,11,-798 -194 -1144 -941 -596 -880 -632 -693 2931 1906 -588
Crude 5m,2024-03-23,2026-09-11,11,V14,v3.0 pullback win 6,A SHA+RSI3 pullback,1889,63.7,29.9,0.936,-2869,2044,4912,74.1,-33.7,-2.34,-0.601,1460,2/11,7,-742 -381 -1300 -965 -990 -870 -464 -605 2680 1553 -784
Crude 5m,2024-03-23,2026-09-11,11,V15,v3.0 no EMA9/22,A SHA+RSI3 pullback,2014,67.9,30.2,0.962,-1789,3435,5224,75.5,-33.9,-1.37,-0.372,1577,2/11,11,-712 -349 -1459 -772 -825 -651 -579 -753 2710 1858 -258
Crude 5m,2024-03-23,2026-09-11,11,V16,v3.0 EOD+2/day+RR2,A SHA+RSI3 pullback,1253,42.3,34.2,0.909,-1990,1252,3242,46.6,-26.6,-2.46,-0.742,1255,3/11,5,-186 186 57 -330 -302 -365 -216 -728 928 -411 -623
Crude 5m,2024-03-23,2026-09-11,11,V17,EMA-touch pb RR2 (crude v1 idea),B EMA-touch,2792,94.1,34.7,0.961,-2240,4995,7234,56.3,-31.2,-1.24,-0.486,2605,5/11,12,-803 296 -1636 -458 96 126 -1130 -1030 623 -34 1711
Crude 5m,2024-03-23,2026-09-11,11,V18,EMA-touch +SHA RR2.4,B EMA-touch,2277,76.8,29.9,0.953,-2441,3453,5894,72.2,-32.3,-1.66,-0.496,2054,2/11,10,-772 -432 -2000 -18 -296 -317 -1000 -195 -489 1835 1243
Crude 5m,2024-03-23,2026-09-11,11,V19,EMA-touch RR1.5 EOD,B EMA-touch,3456,116.5,40.8,0.905,-5031,3918,8948,34.0,-25.8,-2.25,-1.414,2167,1/11,12,-592 -236 -1475 -480 -303 -228 -1145 -679 1076 -662 -306
Crude 5m,2024-03-23,2026-09-11,11,V20,SHA flip RR2,C SHA flip,912,30.8,33.8,0.994,-142,2212,2353,71.7,-36.8,-0.24,-0.042,1953,5/11,4,-28 138 -1022 -242 593 -692 -426 -532 849 1212 9
Crude 5m,2024-03-23,2026-09-11,11,V21,SHA flip RR3,C SHA flip,838,28.3,28.2,1.099,2240,4401,2161,105.4,-37.6,4.15,0.527,2106,6/11,4,281 621 -1295 -129 1248 -460 -376 -408 1216 1215 327
Crude 5m,2024-03-23,2026-09-11,11,V22,SHA flip +EMA200 RR2,C SHA flip,700,23.6,33.3,0.979,-350,1457,1807,71.5,-36.4,-0.77,-0.114,1622,5/11,4,30 53 -341 -302 199 -299 -357 -610 -580 1404 453
Crude 5m,2024-03-23,2026-09-11,11,V23,Donchian20 +SHA RR2,D Breakout,1187,40.0,33.8,0.948,-1597,1494,3091,72.7,-39.1,-2.07,-0.382,1766,3/11,5,-167 335 -841 -698 -865 -523 -924 -591 1089 -59 1646
Crude 5m,2024-03-23,2026-09-11,11,V24,Donchian20 +SHA RR3,D Breakout,1087,36.7,26.3,0.982,-574,2249,2823,110.1,-40.0,-0.81,-0.114,1914,4/11,5,-110 552 -279 -506 -658 -298 -917 -516 777 30 1352
Crude 5m,2024-03-23,2026-09-11,11,V25,Donchian10 +SHA RR2,D Breakout,1520,51.3,33.9,0.942,-2318,1650,3968,72.3,-39.5,-2.34,-0.467,1752,4/11,8,-301 300 -1432 -570 -593 -680 -876 -946 621 1416 743
Crude 5m,2024-03-23,2026-09-11,11,V26,RSI3 snap-back 10/90 RR1,E RSI3 snap-back,4940,166.6,47.8,0.762,-15848,-3005,12843,21.5,-25.8,-4.94,-4.086,3788,1/11,2,-1350 -1618 -1666 -1009 -1262 -1681 -527 -1131 43 -1974 -3673
Crude 5m,2024-03-23,2026-09-11,11,V27,RSI3 snap-back 5/95 RR1.5,E RSI3 snap-back,1910,64.4,37.2,0.786,-6855,-1890,4965,35.3,-26.7,-5.52,-2.478,1429,1/11,0,-522 -1223 -1089 -713 -441 -358 25 -740 -706 -219 -869
Crude 5m,2024-03-23,2026-09-11,11,V28,Sweep-fade RR2 (BN v13 idea),F Sweep-fade,6449,217.5,33.3,0.818,-15204,1636,16840,31.9,-19.5,-3.61,-3.268,3320,0/11,2,-1453 -2147 -1056 -1135 -485 -931 -789 -328 -1885 -2960 -2036
Crude 5m,2024-03-23,2026-09-11,11,V29,Sweep-fade RR3,F Sweep-fade,5707,192.4,25.1,0.799,-17190,-2294,14896,47.8,-20.1,-4.62,-3.111,4590,1/11,0,-1055 -2243 -686 -988 -653 -1112 -241 312 -3878 -3574 -3072
Crude 5m,2024-03-23,2026-09-11,11,V30,Sweep-fade RR6,F Sweep-fade,3868,130.4,15.1,0.845,-10613,-460,10154,98.7,-20.8,-4.18,-1.755,5011,4/11,1,-977 -1685 1157 -677 20 384 -677 62 -4617 -2342 -1262
Crude 5m,2024-03-23,2026-09-11,11,V31,Sweep with-trend (SHA) RR2,F Sweep-fade,394,13.3,34.0,0.824,-950,84,1034,33.2,-20.8,-3.67,-0.757,762,3/11,1,-8 147 -250 -217 -101 -230 -219 162 410 -604 -42
Crude 5m,2024-03-23,2026-09-11,11,V32,v3.0-lite EOD minSL1.5 RR2,A SHA+RSI3 pullback,2465,83.1,35.9,0.862,-5559,822,6381,39.1,-25.4,-3.48,-1.677,1324,1/11,13,-659 -226 -569 -506 -917 -848 -244 -895 193 -377 -512
Crude 3m,2025-03-05,2026-09-11,11,V01,"v3.0 final (SHA+RSI3 pb, 30/70, RR2.4)",A SHA+RSI3 pullback,2072,113.5,31.0,0.983,-723,4719,5442,66.9,-30.6,-0.53,-0.217,1216,4/11,10,-814 380 -264 -462 -670 -519 -877 1695 332 -97 572
Crude 3m,2025-03-05,2026-09-11,11,V02,v3.0 + EOD flat,A SHA+RSI3 pullback,2155,118.0,32.9,0.936,-2466,3168,5634,50.8,-26.6,-1.75,-0.913,1225,2/11,9,-246 -369 -388 -329 -715 -623 -276 929 166 -561 -53
Crude 3m,2025-03-05,2026-09-11,11,V03,v3.0 RR1.5,A SHA+RSI3 pullback,2448,134.1,42.0,0.948,-2254,4158,6412,39.6,-30.3,-1.41,-0.781,1125,3/11,11,-875 266 -913 -332 -624 -531 -467 893 -103 -377 810
Crude 3m,2025-03-05,2026-09-11,11,V04,v3.0 RR2.0,A SHA+RSI3 pullback,2227,122.0,35.1,0.978,-977,4864,5841,54.8,-30.3,-0.67,-0.309,1059,3/11,10,-981 413 -613 -309 -569 -477 -529 1947 -10 -288 439
Crude 3m,2025-03-05,2026-09-11,11,V05,v3.0 RR3.0,A SHA+RSI3 pullback,1877,102.8,26.4,0.981,-818,4117,4934,84.9,-31.1,-0.66,-0.213,1207,4/11,9,-623 445 -581 -655 -528 -340 -1037 691 1507 -597 900
Crude 3m,2025-03-05,2026-09-11,11,V06,v3.0 + EMA200,A SHA+RSI3 pullback,1700,93.1,30.4,0.952,-1764,2684,4448,67.5,-30.9,-1.59,-0.551,1023,2/11,8,-596 -110 -343 -536 -874 -514 -514 825 1438 -21 -518
Crude 3m,2025-03-05,2026-09-11,11,V07,v3.0 trig RSI>50,A SHA+RSI3 pullback,2253,123.4,31.6,0.997,-144,5770,5914,66.0,-30.5,-0.1,-0.04,2130,4/11,10,-213 310 -307 -672 -618 -596 -780 1106 1157 -478 946
Crude 3m,2025-03-05,2026-09-11,11,V08,v3.0 trig high-break,A SHA+RSI3 pullback,2217,121.4,31.0,0.916,-4041,1777,5818,64.3,-31.5,-2.78,-1.122,2684,2/11,8,-608 -79 -534 -362 -913 -372 -426 389 -696 -677 237
Crude 3m,2025-03-05,2026-09-11,11,V09,v3.0 RSI 20/80,A SHA+RSI3 pullback,1282,70.2,30.6,0.947,-1405,1943,3348,64.1,-29.8,-1.68,-0.504,1253,3/11,4,-539 -262 -217 -184 -368 -249 -629 258 967 -378 196
Crude 3m,2025-03-05,2026-09-11,11,V10,v3.0 RSI 40/60,A SHA+RSI3 pullback,2363,129.4,30.9,0.921,-4176,2017,6193,66.3,-32.2,-2.7,-1.146,1855,2/11,9,-732 84 -473 -626 -584 -522 -173 -349 746 -1129 -418
Crude 3m,2025-03-05,2026-09-11,11,V11,v3.0 minSL 1.2,A SHA+RSI3 pullback,2300,126.0,30.2,0.885,-4947,1079,6026,54.8,-26.8,-3.28,-1.662,1356,2/11,11,-710 341 -543 -426 -1072 -549 -814 844 -495 -822 -703
Crude 3m,2025-03-05,2026-09-11,11,V12,v3.0 max 2/day,A SHA+RSI3 pullback,781,42.8,29.6,0.942,-747,1298,2045,52.3,-23.3,-1.46,-0.466,842,3/11,4,-3 -63 -417 24 -114 -279 -261 -44 633 -457 234
Crude 3m,2025-03-05,2026-09-11,11,V13,v3.0 no SHA-age,A SHA+RSI3 pullback,2107,115.4,31.2,0.994,-278,5256,5534,67.3,-30.7,-0.2,-0.078,1249,5/11,9,-872 409 -304 -515 -663 -550 -909 1601 605 320 600
Crude 3m,2025-03-05,2026-09-11,11,V14,v3.0 pullback win 6,A SHA+RSI3 pullback,1980,108.5,31.0,0.978,-881,4310,5192,65.1,-29.9,-0.68,-0.263,1375,4/11,9,-743 111 -471 -396 -799 -332 -611 1368 350 -60 702
Crude 3m,2025-03-05,2026-09-11,11,V15,v3.0 no EMA9/22,A SHA+RSI3 pullback,2135,116.9,30.7,0.985,-664,4934,5598,67.3,-30.3,-0.47,-0.199,1167,4/11,10,-362 99 -302 -578 -633 -606 -850 1691 252 -103 728
Crude 3m,2025-03-05,2026-09-11,11,V16,v3.0 EOD+2/day+RR2,A SHA+RSI3 pullback,783,42.9,33.6,0.922,-930,1119,2050,42.0,-23.0,-1.82,-0.664,867,3/11,4,1 -90 -353 -44 -182 -274 -245 -53 457 -171 24
Crude 3m,2025-03-05,2026-09-11,11,V17,EMA-touch pb RR2 (crude v1 idea),B EMA-touch,2867,157.0,34.1,0.862,-7653,-83,7570,49.1,-29.4,-4.04,-2.202,2391,0/11,16,-396 -43 -370 -519 -1431 -359 -1172 -598 -1288 -1101 -376
Crude 3m,2025-03-05,2026-09-11,11,V18,EMA-touch +SHA RR2.4,B EMA-touch,2304,126.2,30.8,0.907,-4567,1527,6094,62.8,-30.8,-3.0,-1.093,2871,3/11,14,399 189 -114 -478 -1375 -392 -1289 -973 -775 -17 258
Crude 3m,2025-03-05,2026-09-11,11,V19,EMA-touch RR1.5 EOD,B EMA-touch,3371,184.6,40.2,0.82,-9113,-267,8845,30.6,-25.1,-4.12,-3.07,2086,0/11,15,-308 -746 -825 -356 -1170 -557 -1294 -420 -1179 -1692 -565
Crude 3m,2025-03-05,2026-09-11,11,V20,SHA flip RR2,C SHA flip,967,53.0,35.2,0.986,-281,2276,2557,59.2,-32.6,-0.44,-0.111,961,3/11,8,-300 -334 -389 56 -675 -358 -581 2261 -28 -280 348
Crude 3m,2025-03-05,2026-09-11,11,V21,SHA flip RR3,C SHA flip,875,47.9,26.9,0.972,-592,1719,2311,87.0,-32.9,-1.03,-0.225,996,3/11,7,-341 -349 -393 148 -538 -193 -700 2129 -218 -225 88
Crude 3m,2025-03-05,2026-09-11,11,V22,SHA flip +EMA200 RR2,C SHA flip,792,43.4,34.2,0.907,-1581,522,2103,56.7,-32.5,-3.01,-0.767,826,2/11,7,-38 -476 -242 -154 -287 -291 -469 628 -204 -159 110
Crude 3m,2025-03-05,2026-09-11,11,V23,Donchian20 +SHA RR2,D Breakout,1141,62.5,34.5,0.874,-3801,-732,3069,67.0,-40.4,-4.95,-1.336,2859,4/11,3,-857 263 -283 -50 -660 3 103 518 -2004 -643 -190
Crude 3m,2025-03-05,2026-09-11,11,V24,Donchian20 +SHA RR3,D Breakout,1045,57.2,27.2,0.923,-2334,480,2815,99.1,-40.0,-3.32,-0.644,2442,4/11,3,-761 400 -51 -282 -781 -63 433 79 -870 -658 221
Crude 3m,2025-03-05,2026-09-11,11,V25,Donchian10 +SHA RR2,D Breakout,1514,82.9,33.3,0.883,-4567,-503,4065,68.6,-38.8,-4.49,-1.391,2388,3/11,10,-960 77 -713 -337 -1118 -190 -106 1001 -1792 -770 339
Crude 3m,2025-03-05,2026-09-11,11,V26,RSI3 snap-back 10/90 RR1,E RSI3 snap-back,4935,270.3,48.1,0.746,-15170,-2183,12987,18.8,-23.4,-4.67,-5.233,3132,0/11,5,-1160 -1009 -1619 -884 -697 -852 -946 -3045 -925 -2088 -1946
Crude 3m,2025-03-05,2026-09-11,11,V27,RSI3 snap-back 5/95 RR1.5,E RSI3 snap-back,1909,104.6,39.0,0.753,-7306,-2265,5041,29.9,-25.4,-5.8,-3.426,2495,0/11,1,-320 -913 -484 -361 -194 -296 -106 -2224 -70 -1166 -1172
Crude 3m,2025-03-05,2026-09-11,11,V28,Sweep-fade RR2 (BN v13 idea),F Sweep-fade,6097,334.0,31.8,0.786,-16105,192,16297,30.5,-18.1,-3.95,-5.195,3140,0/11,2,-1618 -603 -1334 -1292 -1207 -761 -1239 -1356 -1506 -3080 -2109
Crude 3m,2025-03-05,2026-09-11,11,V29,Sweep-fade RR3,F Sweep-fade,5419,296.8,24.1,0.828,-13057,1424,14481,48.1,-18.4,-3.61,-3.315,2810,1/11,1,-1393 -1078 -1105 -1269 -697 -542 -1082 999 -1939 -2426 -2525
Crude 3m,2025-03-05,2026-09-11,11,V30,Sweep-fade RR6,F Sweep-fade,3754,205.6,15.2,0.826,-10910,-874,10036,90.9,-19.7,-4.35,-2.571,3619,1/11,0,-939 -818 -634 -629 372 -636 -1133 -2895 -1633 -1848 -118
Crude 3m,2025-03-05,2026-09-11,11,V31,Sweep with-trend (SHA) RR2,F Sweep-fade,360,19.7,29.7,0.746,-1153,-188,965,31.6,-17.9,-4.78,-1.469,274,1/11,0,-69 -187 -176 -127 -144 -22 -77 34 -177 -200 -6
Crude 3m,2025-03-05,2026-09-11,11,V32,v3.0-lite EOD minSL1.5 RR2,A SHA+RSI3 pullback,2417,132.4,35.3,0.872,-4868,1454,6322,38.8,-24.3,-3.08,-1.988,1563,2/11,10,-655 -306 -728 -197 -808 -641 -320 1005 -932 -1292 6
BN 5m,2024-03-07,2026-09-11,5,V01,"v3.0 final (SHA+RSI3 pb, 30/70, RR2.4)",A SHA+RSI3 pullback,896,29.7,33.8,0.647,-29037,-9591,19446,176.0,-138.9,-5.97,-3.331,10983,0/5,,-6149 -2299 -5842 -4540 -10206
BN 5m,2024-03-07,2026-09-11,5,V02,v3.0 + EOD flat,A SHA+RSI3 pullback,896,29.7,33.8,0.647,-29037,-9591,19446,176.0,-138.9,-5.97,-3.331,10983,0/5,,-6149 -2299 -5842 -4540 -10206
BN 5m,2024-03-07,2026-09-11,5,V03,v3.0 RR1.5,A SHA+RSI3 pullback,966,32.0,37.3,0.656,-28576,-7613,20963,151.7,-137.3,-5.45,-3.671,10526,0/5,,-6566 -2687 -5302 -3682 -10340
BN 5m,2024-03-07,2026-09-11,5,V04,v3.0 RR2.0,A SHA+RSI3 pullback,912,30.2,34.6,0.629,-30695,-10899,19797,164.9,-138.9,-6.2,-3.676,11590,0/5,,-6278 -2653 -6514 -4479 -10772
BN 5m,2024-03-07,2026-09-11,5,V05,v3.0 RR3.0,A SHA+RSI3 pullback,875,29.0,33.5,0.674,-26517,-7527,18990,187.5,-140.0,-5.59,-2.916,11226,0/5,,-5352 -2035 -5173 -3528 -10429
BN 5m,2024-03-07,2026-09-11,5,V06,v3.0 + EMA200,A SHA+RSI3 pullback,725,24.0,33.1,0.616,-25804,-10075,15729,172.6,-138.6,-6.56,-3.318,8693,0/5,,-5647 -1266 -5137 -5060 -8693
BN 5m,2024-03-07,2026-09-11,5,V07,v3.0 trig RSI>50,A SHA+RSI3 pullback,940,31.2,34.8,0.677,-27942,-7553,20389,179.3,-141.2,-5.48,-3.016,10297,0/5,,-6957 -2614 -4583 -4206 -9581
BN 5m,2024-03-07,2026-09-11,5,V08,v3.0 trig high-break,A SHA+RSI3 pullback,890,29.5,36.0,0.661,-27444,-8133,19311,166.9,-141.8,-5.68,-3.097,9998,0/5,,-4926 -3081 -6332 -4136 -8968
BN 5m,2024-03-07,2026-09-11,5,V09,v3.0 RSI 20/80,A SHA+RSI3 pullback,552,18.3,33.0,0.671,-15991,-4014,11977,179.4,-131.5,-5.34,-2.36,7944,0/5,,-1456 -730 -4287 -3563 -5955
BN 5m,2024-03-07,2026-09-11,5,V10,v3.0 RSI 40/60,A SHA+RSI3 pullback,1006,33.3,33.6,0.682,-29889,-8038,21850,190.0,-140.9,-5.47,-3.009,12595,0/5,,-4471 -2296 -5597 -6128 -11396
BN 5m,2024-03-07,2026-09-11,5,V11,v3.0 minSL 1.2,A SHA+RSI3 pullback,981,32.5,30.2,0.625,-29797,-8526,21272,167.5,-115.9,-5.6,-3.843,10368,0/5,,-7221 -2488 -6560 -5394 -8134
BN 5m,2024-03-07,2026-09-11,5,V12,v3.0 max 2/day,A SHA+RSI3 pullback,858,28.4,34.3,0.663,-26821,-8197,18624,179.1,-140.9,-5.76,-3.154,10526,0/5,,-5984 -1768 -5435 -4164 -9471
BN 5m,2024-03-07,2026-09-11,5,V13,v3.0 no SHA-age,A SHA+RSI3 pullback,912,30.2,34.0,0.64,-30483,-10690,19793,174.5,-140.5,-6.16,-3.445,10982,0/5,,-6539 -2923 -6204 -5168 -9649
BN 5m,2024-03-07,2026-09-11,5,V14,v3.0 pullback win 6,A SHA+RSI3 pullback,841,27.9,34.8,0.649,-26552,-8275,18278,167.6,-138.1,-5.81,-3.16,10857,0/5,,-4950 -1878 -4957 -4220 -10548
BN 5m,2024-03-07,2026-09-11,5,V15,v3.0 no EMA9/22,A SHA+RSI3 pullback,930,30.8,34.1,0.645,-30499,-10311,20188,174.7,-140.1,-6.04,-3.418,10902,0/5,,-6644 -3177 -5796 -4613 -10268
BN 5m,2024-03-07,2026-09-11,5,V16,v3.0 EOD+2/day+RR2,A SHA+RSI3 pullback,869,28.8,35.3,0.651,-27643,-8773,18870,168.2,-141.1,-5.86,-3.405,11133,0/5,,-5789 -1854 -5862 -4102 -10036
BN 5m,2024-03-07,2026-09-11,5,V17,EMA-touch pb RR2 (crude v1 idea),B EMA-touch,1222,40.5,32.9,0.643,-36450,-9952,26498,163.2,-124.5,-5.5,-3.966,11081,0/5,,-8661 -6500 -6270 -7999 -7021
BN 5m,2024-03-07,2026-09-11,5,V18,EMA-touch +SHA RR2.4,B EMA-touch,1092,36.2,30.9,0.615,-37723,-14088,23635,178.8,-129.8,-6.38,-4.092,12187,0/5,,-7856 -6028 -7275 -6351 -10212
BN 5m,2024-03-07,2026-09-11,5,V19,EMA-touch RR1.5 EOD,B EMA-touch,1323,43.8,36.2,0.626,-39115,-10456,28659,136.5,-123.8,-5.46,-4.45,11096,0/5,,-8865 -8078 -6918 -7399 -7854
BN 5m,2024-03-07,2026-09-11,5,V20,SHA flip RR2,C SHA flip,476,15.8,37.0,0.832,-6180,4086,10266,174.0,-122.7,-2.41,-1.06,3267,0/5,,-1286 -1473 -507 -2272 -642
BN 5m,2024-03-07,2026-09-11,5,V21,SHA flip RR3,C SHA flip,471,15.6,35.9,0.864,-5068,5094,10162,190.7,-123.5,-2.0,-0.802,3126,2/5,,-747 -2697 48 -2033 360
BN 5m,2024-03-07,2026-09-11,5,V22,SHA flip +EMA200 RR2,C SHA flip,393,13.0,39.7,0.883,-3289,5184,8473,159.6,-118.9,-1.55,-0.627,3028,1/5,,-287 -57 -576 -3028 658
BN 5m,2024-03-07,2026-09-11,5,V23,Donchian20 +SHA RR2,D Breakout,566,18.8,38.5,0.737,-12669,-406,12263,162.8,-138.4,-4.13,-1.736,5056,0/5,,-2210 -2788 -2769 -4708 -194
BN 5m,2024-03-07,2026-09-11,5,V24,Donchian20 +SHA RR3,D Breakout,556,18.4,37.8,0.742,-12338,-293,12045,169.1,-138.3,-4.1,-1.658,5103,0/5,,-2261 -2417 -2481 -4921 -258
BN 5m,2024-03-07,2026-09-11,5,V25,Donchian10 +SHA RR2,D Breakout,723,24.0,39.6,0.756,-15128,542,15670,164.2,-142.1,-3.86,-1.85,5967,0/5,,-1528 -4372 -3723 -4321 -1185
BN 5m,2024-03-07,2026-09-11,5,V26,RSI3 snap-back 10/90 RR1,E RSI3 snap-back,1975,65.5,47.3,0.618,-49303,-6650,42652,85.4,-124.0,-4.62,-6.041,11343,0/5,,-7767 -9776 -11130 -9439 -11190
BN 5m,2024-03-07,2026-09-11,5,V27,RSI3 snap-back 5/95 RR1.5,E RSI3 snap-back,803,26.6,35.1,0.574,-28817,-11437,17380,137.5,-129.7,-6.63,-4.368,10679,0/5,,-5006 -4681 -3599 -4980 -10551
BN 5m,2024-03-07,2026-09-11,5,V28,Sweep-fade RR2 (BN v13 idea),F Sweep-fade,2541,84.2,34.1,0.641,-55750,-792,54958,115.0,-92.8,-4.06,-6.023,15154,0/5,,-10853 -8450 -12139 -9418 -14890
BN 5m,2024-03-07,2026-09-11,5,V29,Sweep-fade RR3,F Sweep-fade,2211,73.3,27.6,0.639,-54334,-6505,47830,157.6,-94.1,-4.54,-5.087,13435,0/5,,-11296 -11065 -10986 -8088 -12899
BN 5m,2024-03-07,2026-09-11,5,V30,Sweep-fade RR6,F Sweep-fade,1841,61.0,23.1,0.631,-49564,-9730,39834,198.8,-94.9,-4.98,-4.129,15150,0/5,,-9580 -14562 -7539 -4363 -13520
BN 5m,2024-03-07,2026-09-11,5,V31,Sweep with-trend (SHA) RR2,F Sweep-fade,176,5.8,35.8,0.697,-2961,845,3806,108.3,-86.6,-3.11,-1.411,1190,0/5,,-121 -662 -714 -420 -1043
BN 5m,2024-03-07,2026-09-11,5,V32,v3.0-lite EOD minSL1.5 RR2,A SHA+RSI3 pullback,983,32.6,32.7,0.652,-27994,-6674,21320,163.5,-121.6,-5.25,-3.64,10573,0/5,,-6704 -1976 -5621 -4833 -8860
BN 3m,2025-03-01,2026-09-11,5,V01,"v3.0 final (SHA+RSI3 pb, 30/70, RR2.4)",A SHA+RSI3 pullback,810,44.1,30.0,0.616,-24830,-6539,18291,164.0,-114.1,-5.43,-4.398,7973,0/5,,-3289 -4046 -6481 -3404 -7611
BN 3m,2025-03-01,2026-09-11,5,V02,v3.0 + EOD flat,A SHA+RSI3 pullback,810,44.1,30.0,0.616,-24830,-6539,18291,164.0,-114.1,-5.43,-4.398,7973,0/5,,-3289 -4046 -6481 -3404 -7611
BN 3m,2025-03-01,2026-09-11,5,V03,v3.0 RR1.5,A SHA+RSI3 pullback,931,50.7,35.2,0.586,-28101,-7087,21014,121.1,-112.5,-5.35,-5.609,10166,0/5,,-3509 -4086 -6808 -3753 -9945
BN 3m,2025-03-01,2026-09-11,5,V04,v3.0 RR2.0,A SHA+RSI3 pullback,849,46.2,31.4,0.604,-26316,-7140,19176,150.3,-114.2,-5.49,-4.838,8842,0/5,,-3521 -4541 -6462 -3250 -8542
BN 3m,2025-03-01,2026-09-11,5,V05,v3.0 RR3.0,A SHA+RSI3 pullback,763,41.5,28.6,0.624,-23797,-6569,17228,181.3,-116.2,-5.53,-3.911,8188,0/5,,-4015 -3266 -6738 -2160 -7618
BN 3m,2025-03-01,2026-09-11,5,V06,v3.0 + EMA200,A SHA+RSI3 pullback,662,36.0,29.3,0.61,-20957,-6008,14949,168.7,-114.7,-5.61,-4.286,6894,0/5,,-3734 -2640 -4985 -3239 -6359
BN 3m,2025-03-01,2026-09-11,5,V07,v3.0 trig RSI>50,A SHA+RSI3 pullback,844,45.9,31.6,0.681,-20983,-1920,19063,167.9,-114.1,-4.4,-3.648,7867,0/5,,-3595 -3253 -4298 -2333 -7504
BN 3m,2025-03-01,2026-09-11,5,V08,v3.0 trig high-break,A SHA+RSI3 pullback,812,44.2,32.8,0.71,-18481,-138,18343,169.7,-116.5,-4.03,-3.083,7421,0/5,,-3801 -2027 -4903 -609 -7141
BN 3m,2025-03-01,2026-09-11,5,V09,v3.0 RSI 20/80,A SHA+RSI3 pullback,510,27.8,28.2,0.544,-18803,-7283,11519,156.1,-112.8,-6.53,-4.636,5770,0/5,,-3430 -2712 -3187 -3704 -5770
BN 3m,2025-03-01,2026-09-11,5,V10,v3.0 RSI 40/60,A SHA+RSI3 pullback,913,49.7,31.2,0.673,-24107,-3494,20613,173.7,-117.2,-4.68,-3.84,8059,0/5,,-4828 -3259 -6402 -2440 -7178
BN 3m,2025-03-01,2026-09-11,5,V11,v3.0 minSL 1.2,A SHA+RSI3 pullback,939,51.1,27.5,0.567,-28774,-7564,21210,146.1,-97.6,-5.43,-5.619,10464,0/5,,-5552 -4460 -6308 -2268 -10185
BN 3m,2025-03-01,2026-09-11,5,V12,v3.0 max 2/day,A SHA+RSI3 pullback,643,35.0,30.8,0.649,-18933,-4411,14522,177.1,-121.4,-5.22,-3.762,6222,0/5,,-2765 -3119 -4078 -3295 -5675
BN 3m,2025-03-01,2026-09-11,5,V13,v3.0 no SHA-age,A SHA+RSI3 pullback,822,44.7,30.3,0.617,-25296,-6735,18560,163.9,-115.4,-5.45,-4.361,8325,0/5,,-3381 -4462 -6514 -2977 -7962
BN 3m,2025-03-01,2026-09-11,5,V14,v3.0 pullback win 6,A SHA+RSI3 pullback,760,41.4,30.4,0.624,-22209,-5045,17164,159.5,-111.6,-5.18,-4.191,7508,0/5,,-3436 -3305 -5366 -3059 -7042
BN 3m,2025-03-01,2026-09-11,5,V15,v3.0 no EMA9/22,A SHA+RSI3 pullback,826,44.9,30.3,0.638,-23826,-5177,18648,168.2,-114.4,-5.11,-4.092,8176,0/5,,-2805 -4153 -6313 -2887 -7668
BN 3m,2025-03-01,2026-09-11,5,V16,v3.0 EOD+2/day+RR2,A SHA+RSI3 pullback,658,35.8,32.7,0.642,-19280,-4414,14865,160.5,-121.4,-5.19,-4.043,6434,0/5,,-2897 -3176 -4362 -2747 -6096
BN 3m,2025-03-01,2026-09-11,5,V17,EMA-touch pb RR2 (crude v1 idea),B EMA-touch,1148,62.5,32.5,0.621,-30455,-4526,25929,133.5,-103.6,-4.7,-5.704,9339,0/5,,-5775 -5707 -5561 -4605 -8807
BN 3m,2025-03-01,2026-09-11,5,V18,EMA-touch +SHA RR2.4,B EMA-touch,979,53.3,32.0,0.679,-23005,-902,22102,155.8,-107.8,-4.16,-4.128,8256,0/5,,-4082 -3257 -5005 -2934 -7726
BN 3m,2025-03-01,2026-09-11,5,V19,EMA-touch RR1.5 EOD,B EMA-touch,1302,70.8,36.8,0.592,-34115,-4691,29424,103.2,-101.5,-4.64,-6.69,10143,0/5,,-6048 -5867 -6936 -5515 -9749
BN 3m,2025-03-01,2026-09-11,5,V20,SHA flip RR2,C SHA flip,458,24.9,33.2,0.633,-12696,-2340,10356,144.2,-113.1,-4.9,-3.523,4006,0/5,,-1467 -1961 -3026 -2325 -3918
BN 3m,2025-03-01,2026-09-11,5,V21,SHA flip RR3,C SHA flip,431,23.5,29.7,0.61,-13446,-3702,9743,164.1,-113.7,-5.52,-3.344,4530,0/5,,-2829 -1772 -3627 -1483 -3735
BN 3m,2025-03-01,2026-09-11,5,V22,SHA flip +EMA200 RR2,C SHA flip,357,19.4,33.9,0.639,-9310,-1247,8063,136.3,-109.3,-4.62,-3.051,3361,0/5,,-824 -1103 -2551 -1586 -3246
BN 3m,2025-03-01,2026-09-11,5,V23,Donchian20 +SHA RR2,D Breakout,544,29.6,35.1,0.686,-14052,-1743,12309,160.6,-126.7,-4.57,-2.963,5520,0/5,,-1606 -2443 -4949 -1154 -3900
BN 3m,2025-03-01,2026-09-11,5,V24,Donchian20 +SHA RR3,D Breakout,517,28.1,33.7,0.749,-10939,762,11702,187.4,-127.0,-3.74,-2.122,5610,1/5,,-343 -1539 -5248 415 -4225
BN 3m,2025-03-01,2026-09-11,5,V25,Donchian10 +SHA RR2,D Breakout,693,37.7,36.2,0.693,-17294,-1624,15670,155.4,-127.4,-4.41,-3.277,6149,0/5,,-971 -3464 -4835 -2320 -5703
BN 3m,2025-03-01,2026-09-11,5,V26,RSI3 snap-back 10/90 RR1,E RSI3 snap-back,1874,102.0,46.9,0.518,-46986,-4707,42279,57.4,-97.9,-4.45,-9.919,12840,0/5,,-8193 -9103 -9277 -12618 -7795
BN 3m,2025-03-01,2026-09-11,5,V27,RSI3 snap-back 5/95 RR1.5,E RSI3 snap-back,676,36.8,36.4,0.538,-20676,-5427,15249,97.8,-104.0,-5.42,-5.776,5484,0/5,,-5169 -3855 -3304 -5438 -2910
BN 3m,2025-03-01,2026-09-11,5,V28,Sweep-fade RR2 (BN v13 idea),F Sweep-fade,2504,136.3,33.3,0.564,-53888,2559,56446,83.8,-74.0,-3.82,-9.663,13454,0/5,,-13321 -11667 -9398 -10798 -8704
BN 3m,2025-03-01,2026-09-11,5,V29,Sweep-fade RR3,F Sweep-fade,2133,116.1,26.0,0.605,-46817,1272,48089,129.0,-75.0,-3.89,-7.563,11193,0/5,,-11051 -8632 -7805 -10680 -8649
BN 3m,2025-03-01,2026-09-11,5,V30,Sweep-fade RR6,F Sweep-fade,1586,86.3,19.9,0.623,-36612,-809,35804,192.3,-76.5,-4.09,-5.248,9524,0/5,,-9524 -7237 -6948 -6056 -6846
BN 3m,2025-03-01,2026-09-11,5,V31,Sweep with-trend (SHA) RR2,F Sweep-fade,155,8.4,34.8,0.612,-2770,724,3493,81.0,-70.7,-3.17,-2.257,1020,1/5,,-972 -835 -654 267 -575
BN 3m,2025-03-01,2026-09-11,5,V32,v3.0-lite EOD minSL1.5 RR2,A SHA+RSI3 pullback,952,51.8,30.0,0.563,-29651,-8154,21497,133.5,-101.8,-5.52,-5.929,10020,0/5,,-5041 -5179 -6256 -3386 -9789
Nifty 5m,2024-01-21,2026-09-11,5,V01,"v3.0 final (SHA+RSI3 pb, 30/70, RR2.4)",A SHA+RSI3 pullback,883,27.9,36.4,0.73,-8372,158,8530,70.6,-55.2,-3.93,-2.386,3953,0/5,,-2225 -592 -718 -1305 -3533
Nifty 5m,2024-01-21,2026-09-11,5,V02,v3.0 + EOD flat,A SHA+RSI3 pullback,883,27.9,36.4,0.73,-8372,158,8530,70.6,-55.2,-3.93,-2.386,3953,0/5,,-2225 -592 -718 -1305 -3533
Nifty 5m,2024-01-21,2026-09-11,5,V03,v3.0 RR1.5,A SHA+RSI3 pullback,962,30.4,39.9,0.691,-9791,-496,9295,57.0,-54.8,-4.21,-3.08,4271,0/5,,-2535 -412 -1036 -1752 -4055
Nifty 5m,2024-01-21,2026-09-11,5,V04,v3.0 RR2.0,A SHA+RSI3 pullback,903,28.5,37.1,0.704,-9251,-530,8721,65.6,-55.0,-4.24,-2.743,4288,0/5,,-2291 -442 -989 -1616 -3914
Nifty 5m,2024-01-21,2026-09-11,5,V05,v3.0 RR3.0,A SHA+RSI3 pullback,860,27.1,35.2,0.745,-7802,505,8307,75.3,-55.0,-3.76,-2.156,4037,0/5,,-2038 -412 -616 -1239 -3497
Nifty 5m,2024-01-21,2026-09-11,5,V06,v3.0 + EMA200,A SHA+RSI3 pullback,727,22.9,35.8,0.712,-7176,-149,7028,68.2,-53.3,-4.08,-2.262,3620,0/5,,-1215 -329 -1799 -721 -3112
Nifty 5m,2024-01-21,2026-09-11,5,V07,v3.0 trig RSI>50,A SHA+RSI3 pullback,951,30.0,37.1,0.766,-7749,1441,9190,71.8,-55.4,-3.37,-2.12,3349,0/5,,-1204 -348 -1795 -1438 -2965
Nifty 5m,2024-01-21,2026-09-11,5,V08,v3.0 trig high-break,A SHA+RSI3 pullback,923,29.1,37.4,0.792,-6758,2152,8910,74.7,-56.3,-3.03,-1.858,2839,1/5,,-2672 325 -1357 -785 -2269
Nifty 5m,2024-01-21,2026-09-11,5,V09,v3.0 RSI 20/80,A SHA+RSI3 pullback,558,17.6,34.8,0.729,-5025,363,5388,69.7,-50.9,-3.73,-1.847,2316,0/5,,-2138 -302 -350 -219 -2016
Nifty 5m,2024-01-21,2026-09-11,5,V10,v3.0 RSI 40/60,A SHA+RSI3 pullback,1025,32.4,36.8,0.764,-8845,1048,9893,75.8,-57.7,-3.58,-2.142,3940,0/5,,-1701 -1362 -1050 -1620 -3111
Nifty 5m,2024-01-21,2026-09-11,5,V11,v3.0 minSL 1.2,A SHA+RSI3 pullback,983,31.0,33.7,0.706,-9013,482,9495,65.3,-47.0,-3.8,-2.854,4548,1/5,,-2198 26 -1004 -1585 -4252
Nifty 5m,2024-01-21,2026-09-11,5,V12,v3.0 max 2/day,A SHA+RSI3 pullback,856,27.0,36.4,0.739,-7899,370,8269,71.6,-55.6,-3.82,-2.297,3939,0/5,,-2004 -338 -690 -1271 -3596
Nifty 5m,2024-01-21,2026-09-11,5,V13,v3.0 no SHA-age,A SHA+RSI3 pullback,898,28.3,36.5,0.748,-7954,720,8674,71.9,-55.4,-3.67,-2.26,3651,0/5,,-2177 -850 -444 -1443 -3040
Nifty 5m,2024-01-21,2026-09-11,5,V14,v3.0 pullback win 6,A SHA+RSI3 pullback,827,26.1,36.5,0.736,-7577,405,7982,69.8,-54.6,-3.8,-2.211,3512,0/5,,-2070 -1050 -861 -592 -3004
Nifty 5m,2024-01-21,2026-09-11,5,V15,v3.0 no EMA9/22,A SHA+RSI3 pullback,913,28.8,35.8,0.718,-9097,-279,8818,70.8,-55.0,-4.13,-2.562,4060,0/5,,-2514 -544 -912 -1487 -3639
Nifty 5m,2024-01-21,2026-09-11,5,V16,v3.0 EOD+2/day+RR2,A SHA+RSI3 pullback,871,27.5,37.2,0.713,-8705,-292,8413,66.7,-55.4,-4.14,-2.643,4190,0/5,,-2082 -188 -960 -1583 -3892
Nifty 5m,2024-01-21,2026-09-11,5,V17,EMA-touch pb RR2 (crude v1 idea),B EMA-touch,1249,39.4,35.4,0.691,-12232,-171,12061,61.9,-49.0,-4.06,-3.383,5144,0/5,,-4424 -1041 -372 -1682 -4712
Nifty 5m,2024-01-21,2026-09-11,5,V18,EMA-touch +SHA RR2.4,B EMA-touch,1085,34.2,34.3,0.712,-10410,54,10464,69.0,-50.6,-3.98,-2.89,5230,0/5,,-3393 -95 -606 -1366 -4951
Nifty 5m,2024-01-21,2026-09-11,5,V19,EMA-touch RR1.5 EOD,B EMA-touch,1364,43.1,38.9,0.644,-14462,-1278,13184,49.2,-48.7,-4.39,-4.43,5119,0/5,,-5032 -1124 -1525 -2101 -4679
Nifty 5m,2024-01-21,2026-09-11,5,V20,SHA flip RR2,C SHA flip,466,14.7,37.1,0.734,-3981,514,4496,63.5,-51.1,-3.54,-1.688,1565,0/5,,-1456 -527 -658 -938 -403
Nifty 5m,2024-01-21,2026-09-11,5,V21,SHA flip RR3,C SHA flip,460,14.5,35.7,0.812,-2838,1599,4437,74.7,-51.0,-2.56,-1.068,1454,1/5,,-1280 4 -418 -1053 -92
Nifty 5m,2024-01-21,2026-09-11,5,V22,SHA flip +EMA200 RR2,C SHA flip,374,11.8,39.6,0.837,-1846,1766,3612,64.0,-50.1,-2.04,-0.886,1281,0/5,,-297 -254 -350 -847 -99
Nifty 5m,2024-01-21,2026-09-11,5,V23,Donchian20 +SHA RR2,D Breakout,582,18.4,39.5,0.773,-4440,1182,5623,65.9,-55.6,-3.16,-1.555,1766,0/5,,-946 -528 -596 -1308 -1061
Nifty 5m,2024-01-21,2026-09-11,5,V24,Donchian20 +SHA RR3,D Breakout,565,17.8,38.1,0.781,-4292,1168,5460,71.0,-55.9,-3.14,-1.441,1990,0/5,,-1285 -519 -383 -1212 -893
Nifty 5m,2024-01-21,2026-09-11,5,V25,Donchian10 +SHA RR2,D Breakout,733,23.1,38.2,0.778,-5458,1617,7075,68.2,-54.2,-3.09,-1.662,2315,0/5,,-1531 -110 -1175 -1122 -1520
Nifty 5m,2024-01-21,2026-09-11,5,V26,RSI3 snap-back 10/90 RR1,E RSI3 snap-back,2087,65.9,45.6,0.534,-25107,-4950,20158,30.2,-47.4,-4.98,-7.591,6247,0/5,,-4457 -5377 -4412 -6018 -4843
Nifty 5m,2024-01-21,2026-09-11,5,V27,RSI3 snap-back 5/95 RR1.5,E RSI3 snap-back,825,26.0,37.6,0.638,-9172,-1212,7960,52.2,-49.2,-4.61,-3.83,2639,0/5,,-2541 -1575 -1933 -1912 -1212
Nifty 5m,2024-01-21,2026-09-11,5,V28,Sweep-fade RR2 (BN v13 idea),F Sweep-fade,3115,98.3,32.3,0.538,-34183,-4034,30148,39.5,-35.1,-4.54,-8.918,8137,0/5,,-6049 -7472 -6780 -6291 -7591
Nifty 5m,2024-01-21,2026-09-11,5,V29,Sweep-fade RR3,F Sweep-fade,2749,86.8,26.0,0.589,-29403,-2815,26588,59.0,-35.2,-4.42,-6.716,7518,0/5,,-5168 -6688 -6276 -4379 -6892
Nifty 5m,2024-01-21,2026-09-11,5,V30,Sweep-fade RR6,F Sweep-fade,2176,68.7,21.9,0.667,-19996,1044,21040,84.1,-35.4,-3.8,-3.919,5384,0/5,,-3215 -4040 -4285 -3476 -4980
Nifty 5m,2024-01-21,2026-09-11,5,V31,Sweep with-trend (SHA) RR2,F Sweep-fade,210,6.6,35.7,0.563,-2170,-141,2029,37.3,-36.8,-4.28,-2.228,874,0/5,,-520 -800 -509 -60 -280
Nifty 5m,2024-01-21,2026-09-11,5,V32,v3.0-lite EOD minSL1.5 RR2,A SHA+RSI3 pullback,988,31.2,35.4,0.699,-9329,214,9544,62.0,-48.6,-3.91,-3.009,4813,1/5,,-2087 65 -912 -1893 -4502
Nifty 3m,2025-02-07,2026-09-11,5,V01,"v3.0 final (SHA+RSI3 pb, 30/70, RR2.4)",A SHA+RSI3 pullback,819,42.9,33.2,0.693,-7741,298,8040,64.2,-46.1,-3.85,-3.621,2306,0/5,,-1847 -1852 -224 -2042 -1776
Nifty 3m,2025-02-07,2026-09-11,5,V02,v3.0 + EOD flat,A SHA+RSI3 pullback,819,42.9,33.2,0.693,-7741,298,8040,64.2,-46.1,-3.85,-3.621,2306,0/5,,-1847 -1852 -224 -2042 -1776
Nifty 3m,2025-02-07,2026-09-11,5,V03,v3.0 RR1.5,A SHA+RSI3 pullback,934,48.9,37.7,0.573,-11192,-2018,9174,42.6,-45.0,-4.88,-6.154,2723,0/5,,-2194 -2475 -1375 -2723 -2425
Nifty 3m,2025-02-07,2026-09-11,5,V04,v3.0 RR2.0,A SHA+RSI3 pullback,861,45.1,34.7,0.653,-8855,-395,8460,55.8,-45.4,-4.19,-4.391,2378,0/5,,-2172 -2137 -583 -2146 -1818
Nifty 3m,2025-02-07,2026-09-11,5,V05,v3.0 RR3.0,A SHA+RSI3 pullback,761,39.8,31.0,0.691,-7541,-74,7467,71.5,-46.5,-4.04,-3.342,2220,0/5,,-1445 -1711 -478 -2080 -1828
Nifty 3m,2025-02-07,2026-09-11,5,V06,v3.0 + EMA200,A SHA+RSI3 pullback,677,35.4,32.2,0.646,-7498,-851,6646,62.9,-46.2,-4.51,-3.953,2137,0/5,,-1882 -1860 -148 -1968 -1639
Nifty 3m,2025-02-07,2026-09-11,5,V07,v3.0 trig RSI>50,A SHA+RSI3 pullback,856,44.8,33.6,0.716,-7411,989,8400,65.0,-46.0,-3.53,-3.508,2298,0/5,,-2034 -1709 -600 -1376 -1692
Nifty 3m,2025-02-07,2026-09-11,5,V08,v3.0 trig high-break,A SHA+RSI3 pullback,828,43.4,35.0,0.765,-5855,2274,8129,65.5,-46.2,-2.88,-2.747,2332,0/5,,-1386 -1918 -478 -438 -1635
Nifty 3m,2025-02-07,2026-09-11,5,V09,v3.0 RSI 20/80,A SHA+RSI3 pullback,539,28.2,34.5,0.719,-4372,921,5294,60.0,-44.0,-3.3,-2.661,1682,1/5,,-1372 -1001 203 -951 -1251
Nifty 3m,2025-02-07,2026-09-11,5,V10,v3.0 RSI 40/60,A SHA+RSI3 pullback,917,48.0,34.5,0.736,-7411,1589,9000,65.4,-46.7,-3.29,-3.294,2229,0/5,,-1927 -1448 -441 -2014 -1582
Nifty 3m,2025-02-07,2026-09-11,5,V11,v3.0 minSL 1.2,A SHA+RSI3 pullback,919,48.1,30.9,0.602,-10072,-1044,9028,53.7,-39.9,-4.46,-5.103,2929,0/5,,-1935 -1806 -1103 -2925 -2304
Nifty 3m,2025-02-07,2026-09-11,5,V12,v3.0 max 2/day,A SHA+RSI3 pullback,670,35.1,33.0,0.679,-6982,-408,6574,66.8,-48.4,-4.25,-3.445,2473,1/5,,-2087 -1677 307 -1918 -1607
Nifty 3m,2025-02-07,2026-09-11,5,V13,v3.0 no SHA-age,A SHA+RSI3 pullback,825,43.2,32.8,0.68,-8243,-145,8097,64.5,-46.4,-4.07,-3.835,2372,0/5,,-1852 -1750 -372 -2359 -1910
Nifty 3m,2025-02-07,2026-09-11,5,V14,v3.0 pullback win 6,A SHA+RSI3 pullback,763,39.9,31.3,0.652,-8239,-748,7491,64.5,-45.1,-4.4,-4.092,2456,0/5,,-1617 -2347 -133 -2120 -2021
Nifty 3m,2025-02-07,2026-09-11,5,V15,v3.0 no EMA9/22,A SHA+RSI3 pullback,828,43.4,33.7,0.697,-7706,422,8129,63.7,-46.4,-3.79,-3.571,2379,0/5,,-1743 -1968 -56 -2089 -1850
Nifty 3m,2025-02-07,2026-09-11,5,V16,v3.0 EOD+2/day+RR2,A SHA+RSI3 pullback,688,36.0,35.2,0.657,-7353,-601,6753,58.2,-48.0,-4.36,-3.827,2637,1/5,,-2334 -1684 25 -1807 -1553
Nifty 3m,2025-02-07,2026-09-11,5,V17,EMA-touch pb RR2 (crude v1 idea),B EMA-touch,1159,60.7,32.9,0.61,-12431,-1032,11398,51.1,-41.0,-4.36,-5.955,3757,0/5,,-2696 -1788 -1923 -2267 -3757
Nifty 3m,2025-02-07,2026-09-11,5,V18,EMA-touch +SHA RR2.4,B EMA-touch,961,50.3,30.4,0.653,-9595,-150,9444,61.8,-41.3,-4.06,-4.764,2948,0/5,,-2108 -1761 -999 -1862 -2864
Nifty 3m,2025-02-07,2026-09-11,5,V19,EMA-touch RR1.5 EOD,B EMA-touch,1315,68.8,37.6,0.578,-13912,-978,12934,38.6,-40.2,-4.3,-6.919,3897,0/5,,-2578 -2354 -2646 -2437 -3897
Nifty 3m,2025-02-07,2026-09-11,5,V20,SHA flip RR2,C SHA flip,443,23.2,35.2,0.667,-4246,103,4349,54.6,-44.5,-3.91,-2.839,1767,0/5,,-692 -837 -183 -767 -1767
Nifty 3m,2025-02-07,2026-09-11,5,V21,SHA flip RR3,C SHA flip,425,22.3,31.5,0.731,-3430,743,4173,69.5,-43.8,-3.29,-2.063,1679,0/5,,-365 -649 -209 -527 -1679
Nifty 3m,2025-02-07,2026-09-11,5,V22,SHA flip +EMA200 RR2,C SHA flip,335,17.5,34.9,0.639,-3538,-247,3291,53.6,-45.0,-4.3,-2.751,1628,0/5,,-196 -740 -324 -650 -1628
Nifty 3m,2025-02-07,2026-09-11,5,V23,Donchian20 +SHA RR2,D Breakout,562,29.4,35.2,0.747,-4228,1289,5518,63.0,-45.9,-3.07,-2.403,2522,1/5,,-342 -1585 -245 261 -2318
Nifty 3m,2025-02-07,2026-09-11,5,V24,Donchian20 +SHA RR3,D Breakout,528,27.6,31.6,0.669,-5559,-378,5181,67.3,-46.5,-4.29,-3.085,2890,1/5,,-436 -1893 -664 83 -2649
Nifty 3m,2025-02-07,2026-09-11,5,V25,Donchian10 +SHA RR2,D Breakout,667,34.9,36.4,0.782,-4401,2144,6545,65.0,-47.6,-2.69,-2.204,2057,1/5,,-1267 -1476 -70 76 -1665
Nifty 3m,2025-02-07,2026-09-11,5,V26,RSI3 snap-back 10/90 RR1,E RSI3 snap-back,2078,108.8,49.0,0.467,-21308,-878,20430,18.3,-37.7,-4.17,-11.185,4978,0/5,,-3738 -4978 -4784 -4000 -3809
Nifty 3m,2025-02-07,2026-09-11,5,V27,RSI3 snap-back 5/95 RR1.5,E RSI3 snap-back,809,42.4,39.3,0.628,-6948,997,7945,36.8,-38.0,-3.5,-4.658,1904,0/5,,-1277 -1904 -1239 -1010 -1519
Nifty 3m,2025-02-07,2026-09-11,5,V28,Sweep-fade RR2 (BN v13 idea),F Sweep-fade,3092,161.9,33.1,0.458,-32240,-1883,30358,26.6,-28.7,-4.25,-13.563,7092,0/5,,-6683 -6428 -5981 -6899 -6249
Nifty 3m,2025-02-07,2026-09-11,5,V29,Sweep-fade RR3,F Sweep-fade,2668,139.7,25.1,0.513,-28027,-1826,26200,44.1,-28.8,-4.28,-10.998,6229,0/5,,-5453 -6177 -4958 -6008 -5431
Nifty 3m,2025-02-07,2026-09-11,5,V30,Sweep-fade RR6,F Sweep-fade,1971,103.2,16.4,0.494,-24295,-4943,19352,73.1,-29.1,-5.02,-9.099,6157,0/5,,-3940 -5600 -4268 -6008 -4479
Nifty 3m,2025-02-07,2026-09-11,5,V31,Sweep with-trend (SHA) RR2,F Sweep-fade,182,9.5,34.6,0.428,-2034,-247,1788,24.1,-29.9,-4.55,-3.903,627,0/5,,-555 -129 -393 -505 -453
Nifty 3m,2025-02-07,2026-09-11,5,V32,v3.0-lite EOD minSL1.5 RR2,A SHA+RSI3 pullback,944,49.4,32.4,0.569,-11180,-1900,9280,48.3,-40.7,-4.82,-5.881,3206,0/5,,-2201 -2287 -1238 -3203 -2251
